﻿Orden;Glosa;Descripción
1;FUENTE;Corresponde al establecimiento donde se va a buscar los precios
2;DIVISION;Código de división de canasta IPC
3;GRUPO;Código de grupo de canasta IPC
4;CLASE;Código de clase de canasta IPC
5;SUBCLASE;Código de subclase de canasta IPC
6;PRODUCTO;Código de producto de canasta IPC
7;VARIEDAD;Código de variedad de canasta IPC
8;Glosa_Producto;Descripción de producto del IPC
9;pm_Enero2024;Precio promedio Enero 2024
10;pm_Febrero2024;Precio promedio Febrero 2024
11;pm_Marzo2024;Precio promedio Marzo 2024
12;pm_Abril2024;Precio promedio Abril 2024
13;pm_Mayo2024;Precio promedio Mayo 2024
14;pm_Junio2024;Precio promedio Junio 2024
15;pm_Julio2024;Precio promedio Julio 2024
16;pm_Agosto2024;Precio promedio Agosto 2024
17;pm_Septiembre2024;Precio promedio Septiembre 2024
18;pm_Octubre2024;Precio promedio Octubre 2024
19;pm_Noviembre2024;Precio promedio Noviembre 2024
20;pm_Diciembre2024;Precio promedio Diciembre 2024
21;pm_Enero2025;Precio promedio Enero 2025
22;pm_Febrero2025;Precio promedio Febrero 2025
23;pm_Marzo2024;Precio promedio Marzo 2025
24;pm_Abril2025;Precio promedio Abril 2025
25;pm_Mayo2025;Precio promedio Mayo 2025
26;pm_Junio2025;Precio promedio Junio 2025
27;pm_16_Enero2024;Corresponde a precio de reemplazo no comparable, que se guarda para comparar con el mes siguiente
28;pm_16_Febrero2024;Corresponde a precio de reemplazo no comparable, que se guarda para comparar con el mes siguiente
29;pm_16_Marzo2024;Corresponde a precio de reemplazo no comparable, que se guarda para comparar con el mes siguiente
30;pm_16_Abril2024;Corresponde a precio de reemplazo no comparable, que se guarda para comparar con el mes siguiente
31;pm_16_Mayo2024;Corresponde a precio de reemplazo no comparable, que se guarda para comparar con el mes siguiente
32;pm_16_Junio2024;Corresponde a precio de reemplazo no comparable, que se guarda para comparar con el mes siguiente
33;pm_16_Julio2024;Corresponde a precio de reemplazo no comparable, que se guarda para comparar con el mes siguiente
34;pm_16_Agosto2024;Corresponde a precio de reemplazo no comparable, que se guarda para comparar con el mes siguiente
35;pm_16_Septiembre2024;Corresponde a precio de reemplazo no comparable, que se guarda para comparar con el mes siguiente
36;pm_16_Octubre2024;Corresponde a precio de reemplazo no comparable, que se guarda para comparar con el mes siguiente
37;pm_16_Noviembre2024;Corresponde a precio de reemplazo no comparable, que se guarda para comparar con el mes siguiente
38;pm_16_Diciembre2024;Corresponde a precio de reemplazo no comparable, que se guarda para comparar con el mes siguiente
39;pm_16_Enero2025;Corresponde a precio de reemplazo no comparable, que se guarda para comparar con el mes siguiente
40;pm_16_Febrero2025;Corresponde a precio de reemplazo no comparable, que se guarda para comparar con el mes siguiente
41;pm_16_Marzo2025;Corresponde a precio de reemplazo no comparable, que se guarda para comparar con el mes siguiente
42;pm_16_Abril2025;Corresponde a precio de reemplazo no comparable, que se guarda para comparar con el mes siguiente
43;pm_16_Mayo2025;Corresponde a precio de reemplazo no comparable, que se guarda para comparar con el mes siguiente
44;pm_16_Junio2025;Corresponde a precio de reemplazo no comparable, que se guarda para comparar con el mes siguiente
45;Reemplaza_Enero2024;"Señala si el reemplazo es aceptado o no, ""SI"" aceptado, ""NO"" rechazado"
46;Reemplaza_Febrero2024;"Señala si el reemplazo es aceptado o no, ""SI"" aceptado, ""NO"" rechazado"
47;Reemplaza_Marzo2024;"Señala si el reemplazo es aceptado o no, ""SI"" aceptado, ""NO"" rechazado"
48;Reemplaza_Abril2024;"Señala si el reemplazo es aceptado o no, ""SI"" aceptado, ""NO"" rechazado"
49;Reemplaza_Mayo2024;"Señala si el reemplazo es aceptado o no, ""SI"" aceptado, ""NO"" rechazado"
50;Reemplaza_Junio2024;"Señala si el reemplazo es aceptado o no, ""SI"" aceptado, ""NO"" rechazado"
51;Reemplaza_Julio2024;"Señala si el reemplazo es aceptado o no, ""SI"" aceptado, ""NO"" rechazado"
52;Reemplaza_Agosto2024;"Señala si el reemplazo es aceptado o no, ""SI"" aceptado, ""NO"" rechazado"
53;Reemplaza_Septiembre2024;"Señala si el reemplazo es aceptado o no, ""SI"" aceptado, ""NO"" rechazado"
54;Reemplaza_Octubre2024;"Señala si el reemplazo es aceptado o no, ""SI"" aceptado, ""NO"" rechazado"
55;Reemplaza_Noviembre2024;"Señala si el reemplazo es aceptado o no, ""SI"" aceptado, ""NO"" rechazado"
56;Reemplaza_Diciembre2024;"Señala si el reemplazo es aceptado o no, ""SI"" aceptado, ""NO"" rechazado"
57;Reemplaza_Enero2025;"Señala si el reemplazo es aceptado o no, ""SI"" aceptado, ""NO"" rechazado"
58;Reemplaza_Febrero2025;"Señala si el reemplazo es aceptado o no, ""SI"" aceptado, ""NO"" rechazado"
59;Reemplaza_Marzo2025;"Señala si el reemplazo es aceptado o no, ""SI"" aceptado, ""NO"" rechazado"
60;Reemplaza_Abril2025;"Señala si el reemplazo es aceptado o no, ""SI"" aceptado, ""NO"" rechazado"
61;Estado_lev_Enero2024;"Señala si se levanto en el mes, Código ""1""  se levanto, Código ""0"" no se levanto"
62;Estado_lev_Febrero2024;"Señala si se levanto en el mes, Código ""1""  se levanto, Código ""0"" no se levanto"
63;Estado_lev_Marzo2024;"Señala si se levanto en el mes, Código ""1""  se levanto, Código ""0"" no se levanto"
64;Estado_lev_Abril2024;"Señala si se levanto en el mes, Código ""1""  se levanto, Código ""0"" no se levanto"
65;Estado_lev_Mayo2024;"Señala si se levanto en el mes, Código ""1""  se levanto, Código ""0"" no se levanto"
66;Estado_lev_Junio2024;"Señala si se levanto en el mes, Código ""1""  se levanto, Código ""0"" no se levanto"
67;Estado_lev_Julio2024;"Señala si se levanto en el mes, Código ""1""  se levanto, Código ""0"" no se levanto"
68;Estado_lev_Agosto2024;"Señala si se levanto en el mes, Código ""1""  se levanto, Código ""0"" no se levanto"
69;Estado_lev_Septiembre2024;"Señala si se levanto en el mes, Código ""1""  se levanto, Código ""0"" no se levanto"
70;Estado_lev_Octubre2024;"Señala si se levanto en el mes, Código ""1""  se levanto, Código ""0"" no se levanto"
71;Estado_lev_Noviembre2024;"Señala si se levanto en el mes, Código ""1""  se levanto, Código ""0"" no se levanto"
72;Estado_lev_Diciembre2024;"Señala si se levanto en el mes, Código ""1""  se levanto, Código ""0"" no se levanto"
73;Estado_lev_Enero2025;"Señala si se levanto en el mes, Código ""1""  se levanto, Código ""0"" no se levanto"
74;Estado_lev_Febrero2025;"Señala si se levanto en el mes, Código ""1""  se levanto, Código ""0"" no se levanto"
75;Estado_lev_Marzo2025;"Señala si se levanto en el mes, Código ""1""  se levanto, Código ""0"" no se levanto"
76;Estado_lev_Abril2025;"Señala si se levanto en el mes, Código ""1""  se levanto, Código ""0"" no se levanto"
77;Estado_lev_Mayo2025;"Señala si se levanto en el mes, Código ""1""  se levanto, Código ""0"" no se levanto"
78;Estado_lev_Junio2025;"Señala si se levanto en el mes, Código ""1""  se levanto, Código ""0"" no se levanto"
79;Cantidad_Ene2024;Es la cantidad relacionado a la unidad de medida
80;Cantidad_Feb2024;Es la cantidad relacionado a la unidad de medida
81;Cantidad_Mar2024;Es la cantidad relacionado a la unidad de medida
82;Cantidad_Abr2024;Es la cantidad relacionado a la unidad de medida
83;Cantidad_May2024;Es la cantidad relacionado a la unidad de medida
84;Cantidad_Jun2024;Es la cantidad relacionado a la unidad de medida
85;Cantidad_Jul2024;Es la cantidad relacionado a la unidad de medida
86;Cantidad_Ago2024;Es la cantidad relacionado a la unidad de medida
87;Cantidad_Sep2024;Es la cantidad relacionado a la unidad de medida
88;Cantidad_Oct2024;Es la cantidad relacionado a la unidad de medida
89;Cantidad_Nov2024;Es la cantidad relacionado a la unidad de medida
90;Cantidad_Dic2024;Es la cantidad relacionado a la unidad de medida
91;Cantidad_Ene2025;Es la cantidad relacionado a la unidad de medida
92;Cantidad_Feb2025;Es la cantidad relacionado a la unidad de medida
93;Cantidad_Mar2025;Es la cantidad relacionado a la unidad de medida
94;Cantidad_Abr2025;Es la cantidad relacionado a la unidad de medida
95;Cantidad_May2025;Es la cantidad relacionado a la unidad de medida
96;Cantidad_Jun2025;Es la cantidad relacionado a la unidad de medida
97;Unidad_Ene2024;Es la unidad de medida, relacionada a la cantidad
98;Unidad_Feb2024;Es la unidad de medida, relacionada a la cantidad
99;Unidad_Mar2024;Es la unidad de medida, relacionada a la cantidad
100;Unidad_Abr2024;Es la unidad de medida, relacionada a la cantidad
101;Unidad_May2024;Es la unidad de medida, relacionada a la cantidad
102;Unidad_Jun2024;Es la unidad de medida, relacionada a la cantidad
103;Unidad_Jul2024;Es la unidad de medida, relacionada a la cantidad
104;Unidad_Ago2024;Es la unidad de medida, relacionada a la cantidad
105;Unidad_Sep2024;Es la unidad de medida, relacionada a la cantidad
106;Unidad_Oct2024;Es la unidad de medida, relacionada a la cantidad
107;Unidad_Nov2024;Es la unidad de medida, relacionada a la cantidad
108;Unidad_Dic2024;Es la unidad de medida, relacionada a la cantidad
109;Unidad_Ene2025;Es la unidad de medida, relacionada a la cantidad
110;Unidad_Feb2025;Es la unidad de medida, relacionada a la cantidad
111;Unidad_Mar2025;Es la unidad de medida, relacionada a la cantidad
112;Unidad_Abr2025;Es la unidad de medida, relacionada a la cantidad
113;Unidad_May2025;Es la unidad de medida, relacionada a la cantidad
114;Unidad_Jun2025;Es la unidad de medida, relacionada a la cantidad
